{"cameraMode":{"drawMode":0,"name":"Shaded","section":"Shading Mode"},"sceneLighting":false,"audioPlay":false,"sceneViewState":{"showFog":true,"showMaterialUpdate":false,"showSkybox":true,"showFlares":true,"showImageEffects":true,"showParticleSystems":true},"in2DMode":false,"pivot":{"x":-3.51171875,"y":1.58038330078125,"z":-8.583984375},"rotation":{"x":0.006517400033771992,"y":-0.18911366164684297,"z":-0.005249242763966322,"w":-0.981919527053833},"size":11.951833724975586,"orthographic":true}