{"cameraMode":{"drawMode":0,"name":"Shaded","section":"Shading Mode"},"sceneLighting":true,"audioPlay":false,"sceneViewState":{"showFog":true,"showMaterialUpdate":false,"showSkybox":true,"showFlares":true,"showImageEffects":true,"showParticleSystems":true},"in2DMode":false,"pivot":{"x":-0.41330718994140627,"y":1.763916015625,"z":0.07373046875},"rotation":{"x":-0.08403397351503372,"y":-0.007598529569804668,"z":-0.0032950022723525764,"w":-0.9964284896850586},"size":2.015712022781372,"orthographic":true}