{"cameraMode":{"drawMode":0,"name":"Shaded","section":"Shading Mode"},"sceneLighting":true,"audioPlay":false,"sceneViewState":{"showFog":true,"showMaterialUpdate":false,"showSkybox":true,"showFlares":true,"showImageEffects":true,"showParticleSystems":true},"in2DMode":false,"pivot":{"x":0.7343082427978516,"y":3.6369218826293947,"z":-8.967118263244629},"rotation":{"x":-0.09695868194103241,"y":-0.1474258452653885,"z":0.010538358241319657,"w":-0.9842528104782105},"size":3.3342344760894777,"orthographic":false}