{"cameraMode":{"drawMode":0,"name":"Shaded","section":"Shading Mode"},"sceneLighting":true,"audioPlay":false,"sceneViewState":{"showFog":true,"showMaterialUpdate":false,"showSkybox":true,"showFlares":true,"showImageEffects":true,"showParticleSystems":true},"in2DMode":false,"pivot":{"x":0.8451650142669678,"y":23.72265625,"z":-90.36409759521485},"rotation":{"x":-0.11982274055480957,"y":-0.0017556620296090842,"z":-0.0037383828312158586,"w":-0.992786705493927},"size":18.06153106689453,"orthographic":true}