{"cameraMode":{"drawMode":0,"name":"Shaded","section":"Shading Mode"},"sceneLighting":true,"audioPlay":false,"sceneViewState":{"showFog":true,"showMaterialUpdate":false,"showSkybox":true,"showFlares":true,"showImageEffects":true,"showParticleSystems":true},"in2DMode":false,"pivot":{"x":0.630218505859375,"y":6.22802734375,"z":0.408203125},"rotation":{"x":-0.08403397351503372,"y":-0.007598529569804668,"z":-0.0032950022723525764,"w":-0.9964284896850586},"size":13.976701736450196,"orthographic":true}