{"cameraMode":{"drawMode":0,"name":"Shaded","section":"Shading Mode"},"sceneLighting":true,"audioPlay":false,"sceneViewState":{"showFog":true,"showMaterialUpdate":false,"showSkybox":true,"showFlares":true,"showImageEffects":true,"showParticleSystems":true},"in2DMode":false,"pivot":{"x":-0.2552490234375,"y":4.0791015625,"z":0.4541015625},"rotation":{"x":-0.2144147902727127,"y":-0.30809348821640017,"z":0.06721703708171845,"w":-0.9244385957717896},"size":7.5494818687438969,"orthographic":true}